comments/0/likesCount,Fecha ,Hora,FullDate,likesCount,tweet,sentiment
,4/25/2024,22:29:28,2024-04-25T22:29:28.000Z,0,"La app y la tarjeta te sacan de apuros, pero en cuanto a atención es una basura, un martirio contacta a un humano que pueda ayudarte, así como carajos solucionó mis problemas si sus máquinas son limitadas. Basura.",negative
,4/20/2024,1:33:16,2024-04-20T01:33:16.000Z,2,"Tengo 1 mes esperando a que manden un Link para poder entrar a la aplicación, 4 llamadas y un sin fin de correos! TIENEN SECUESTRADO MI DINERO!",negative
0.0,4/12/2024,12:32:56,2024-04-12T12:32:56.000Z,8,a mí me jakearon mi CEL y con mis datos están pidiendo préstamos pinche gente mierda y ratera,negative
1.0,3/27/2024,23:04:17,2024-03-27T23:04:17.000Z,8,Me gustaba este Banco Pero tras que me Robaron mi tarjeta Pedí Reposición de mi tarjeta O sea Cambio de Tarjeta Pero Que Listo me salió el que hizo la tarjeta Hizo Dos Plásticos de seguro este Cliente No se da Cuenta de lo que yo Haga Pero Sorpresa La Aplicación De Su Banco Me Muestra Dos Plásticos O sea Dos Tarjetas de la Casualidad que hablo por teléfono Y Siempre Me Cuelgan Que Poco Profesionales Son Y siempre El Que Tiene la Otra Tarjeta Quiere Comprar en la Madrugada como a las 3:00 am o a las 7:00 en serio Pasa esto Usuarios si tienen tarjetas dejenlas bloqueadas solo las desbloquean cuando vayan a pagar de otra manera Siempre te van a Caer Cargos Sorpresas que no son tuyos Otra persona gasta y tú pagas,negative
0.0,3/25/2024,18:02:44,2024-03-25T18:02:44.000Z,0,"Por favor tengan mucho cuidado, me intentaron robar, mientras me hacían la supuesta validación, les brinde todos mis datos por queré un préstamo, mientras estaban en línea conmigo vi como ""alguien"" entraba a mi app de bbva y creaban destinatarios yo no novia ni un dedo, me dijeron que no tocara nada y mientras tanto yo veía como manipulaban mi equipo celular, hasta que dije esto esta muy raro, se los comente y lo negaron en todo momento, pero el bbva me enviaba los correos con todos los destinatarios que daban de alta con la intención de robarme. 
No es justo como roban a gente decente que se gana el dinero con su trabajo honrado, por favor no caigan como yo.",negative
,3/16/2024,18:45:43,2024-03-16T18:45:43.000Z,5,"El día 29 de agosto de 2023 tuve un glitch con mi banca, mi problema era que había hecho el pago de un servicio por la app y me habia marcado ""error"" cuando lo pagué, luego me apareció el cargo, pero cuando llamaba al Gas Natural me aparecía el adeudo aún. Tras estos eventos llamé a Hey como 15 minutos a las 6:00 y el ejecutivo Victor me atendió, intentó resolver, levantó el reporte y todo terminó bien con el pago de mi servicio. Lamento estar publicando esto tanto tiempo después pero no podía quedarme sin agradecer su atención, puesto que en estos tiempos de tanta tecnología, el buen servicio al cliente es muy necesario. Debido a que el sistema estaba lento, la llamada duró al rededor de 1 hora; sin embargo Victor nunca perdió la paciencia y se mantenía en la línea cominicando el estatus del reporte y atento a cualquier duda, agradezco su esfuerzo y, si sigue trabajando ahí, ojalá éste sea reconocido.

Hasta ahora es el único detalle que he tenido con esta banca y en verdad me han resuelto mucho desde Twitter o por teléfono como en esta ocasión que narro. También me agradan los beneficios de ser Hey Pro y la facilidad con la que se puede invertir.",positive
,2/24/2024,19:06:19,2024-02-24T19:06:19.000Z,6,"BASURAAA NO SAQUES TARJETA AQUI, SE ROBAN TU DINERO Y NO RESPONDEN!
Por eso hasta limitan los comentarios en sus publicaciones, para silenciar a la gente y no queden como ratas asquerosas que son!",negative
,2/22/2024,17:30:37,2024-02-22T17:30:37.000Z,1,"hoy 23 de febrero 2024 llevamos mas de 24 horas sin poder recibir o hacer transferencias.  Es una basura de banco, para negocios no sirve, despues de las 6 pm todas las transferencias son máximo de 8 mil y con tope maximo a 32mil.

su aplicación no sirve entras y te llevas la sorpresa que te muestra saldos en 0.",negative
1.0,2/21/2024,22:54:19,2024-02-21T22:54:19.000Z,1,"No me pagan las ligas de cobro, alegan que “el departamento de retenciones está revisándolo” 

Muy buena iniciativa pero mala ejecución. 

Y ahora quieren todos los datos de el cliente para poder liberar mi dinero.

Si utilizan ligas de cobro DEJEN DE USARLO.",negative
,2/10/2024,5:55:00,2024-02-10T05:55:00.000Z,1,"Lentísimos con las transferencias, y al sacar de cajero resulta que el cajero no da el subiré y tienes que esperar una semana a que te reembolsen tu dinero",negative
,2/8/2024,23:57:12,2024-02-08T23:57:12.000Z,1,"I want to express my gratitude to Mrs. Charlotte for helping me out of a difficult situation. After falling victim to an online investment scam and losing more than $500 her words of encouragement provided the hope and encouragement that guided me through my recovery process. I only invested $400 into my trading account and received a remarkable profit of $6,300 within three trading days. Thanks to her, I have not only recovered my lost funds but also earned more than expected. If you're interested in crypto/Forex trading, contact Charlotte for assistance via the details below.

Facebook:https://www.facebook.com/haydencharlotte014

Email:haydencharlotte541@gmail.com
WhatsApp: +1 (484) 410-1835",positive
,2/4/2024,22:14:34,2024-02-04T22:14:34.000Z,2,"En lo personal no me afecta en nada las membresias, ya que se mantiene lo de las 6 compras de $100 para tener los beneficios de las tasas de inversion y ser HeyPro, ya tengo algunos años con la cuenta y no he tenido algun problema ademas es mi cuenta principal, he tenido cuentas en otros bancos con sus respectivas aclaraciones y muchas fallas.",positive
,2/1/2024,14:45:57,2024-02-01T14:45:57.000Z,1,Al principio era un excelente Neobanco. Ahora es un banco caro y del montón.,negative
,2/1/2024,23:04:55,2024-02-01T23:04:55.000Z,0,"Me robaron saldo, no contestan y aun no me dan mi saldo retenido",negative
0.0,1/19/2024,16:37:34,2024-01-19T16:37:34.000Z,4,"Te hacen cargos y te retienen el dinero y no te dan respuesta, es literalmente un robo en toda la extensión de la palabra, no tengan dinero en esa cuenta si no quieren ser robados por el mismo banco",negative
,1/8/2024,22:02:41,2024-01-08T22:02:41.000Z,5,ya les dijeron que sus membresías es una muy mala idea y lo siguen haciendo. fueron superados por mucho por NU,negative
,1/8/2024,17:16:02,2024-01-08T17:16:02.000Z,2,Desde las membresías ya no son lo mismo que bueno que ya cancele mi cuenta,negative
,1/4/2024,19:38:08,2024-01-04T19:38:08.000Z,3,El sistema de membresias es una idea pésima de verdad como puedes pasar de ser una de las mejores opciones del mercado a convertirse en lo que es hoy. Parece que ahora el banco  lo dirige Javi Noble,negative
,1/4/2024,18:21:11,2024-01-04T18:21:11.000Z,1,"Que pedo con el mensaje que aparece amenaza  pidiendo el pago de tarjeta si un no vence mi fecha de pago. Además, insisten con sus estúpidas membresías y como nadie está de acuerdo, quitan la opción de poner comentarios en sus publicaciones para que no les pongas sus cosas. De mal en peor este banco.",negative
,1/3/2024,3:21:34,2024-01-03T03:21:34.000Z,1,"permitieron que una segunda aplicación sacará dinero de mi cuenta para ser exactos kueski pay
y no contestan RATEROS",negative
,1/2/2024,21:22:54,2024-01-02T21:22:54.000Z,2,Puros problemas!!!! y nada de solución con Hey banco,negative
,12/23/2023,18:55:02,2023-12-23T18:55:02.000Z,0,"Todo el pinche tiempo bloqueada que por según intentos de inicio de sesión y para recuperar no hay opciones, y su pinche teléfono igual nunca contestan Horrible ya solo saco mi dinero y adiós, y es cuenta Negocios pinche banco de mierda?",negative
,12/22/2023,22:57:49,2023-12-22T22:57:49.000Z,4,Horrible… no recomiendo para nada,negative
,12/18/2023,3:37:00,2023-12-18T03:37:00.000Z,3,"No saben solucionar problemas, intenté hacer un pago y 3 veces me fue rechazada la tarjeta, me quitaron el dinero de la cuenta y no saben cómo solucionarlo (cuando otros bancos al ver el cargo te levantan la aclaración inmediatamente) solo te dicen que en 72 Horas y nada más no se soluciona, que se debe esperar a que el comercio por ese el pago y esto puede llevar de 24 a 72 horas hábiles, ya pasaron más de 179 horas y aún no solucionan, solo te dan excusas como que “el 12 de diciembre es festivo y que eso atrasa la situación” o “tuvimos una intermitencia ese día” “esta situación es muy rara y se soluciona de 1 a 15 días naturales o puede llevarse hasta 40 días en que el comercio procese el pago”, yo ya hablé con el gerente del comercio y me menciona que no hay forma que no se procede el pago porque no se realizó, fue más problema del banco… en call center solo te dicen je esperes y esperes y que si se hace la aclaración debo esperar hasta 40 días cuando el problema son ellos con sus intermitencias… ya con esta situación solo esperaré a que me soluciones y cancelaré la tarjeta… deberían tener gente especializada para estos casos y/o atender inmediatamente estas situaciones y no esperar a que “el comercio procese el pago” cuando ya dijeron que no hay forma de procesarlo porque no se realizó.",negative
,12/18/2023,6:23:44,2023-12-18T06:23:44.000Z,3,Les reconozco que fueron el primer Neo banco que hizo las cosas bien. hoy ya no son ni la sombra de eso. Las membresías terminaron por hundirlo.,negative
,12/14/2023,3:54:26,2023-12-14T03:54:26.000Z,2,"su financiamiento automotriz es pesimo, prometen fechas de entrega de contrato y las incumplen sin mas",negative
,12/4/2023,5:16:34,2023-12-04T05:16:34.000Z,5,Echaron a perder todo lo que nos interesaba a los clientes. De 2 años para acá se dedicaron a arruinarse y hundirse,negative
,12/1/2023,17:29:45,2023-12-01T17:29:45.000Z,0,"mal servicio a clientes, ideas tontas como sus membresías y tratan a sus clientes como tontos",negative
,11/29/2023,2:46:34,2023-11-29T02:46:34.000Z,3,"no que por ""ser un banco digital"" tienen la oportunidad de ser un mejor producto pero",neutral
,11/25/2023,6:15:58,2023-11-25T06:15:58.000Z,1,Buen banco hasta que perdió el rumbo oc sus membresías,negative
,11/23/2023,0:28:12,2023-11-23T00:28:12.000Z,13,"No sé a quien se le ocurrió la estupidez de quitar todas las recompensas y dedicarse a querer ser una tienda departamental más en lugar de enfocarse a ser un buen banco,sería para cambiarlo de puesto o despedirlo.
Muy mala decisión de negocios.",negative
,11/22/2023,21:33:10,2023-11-22T21:33:10.000Z,4,"Fueron por mucho tiempo los mejores, pero no se que demonios paso. Ahora que quiero sacar mi dinero de sus cuentas no se puede porque tiene que ser por partes pequeñas nula informacion que no fue brindada nunca y anteriormente se podia...",negative
,11/22/2023,20:17:52,2023-11-22T20:17:52.000Z,3,"Vaya forma de ahuyentar a sus clientes con sus membresias, eran mi banco favorito además de ser el banco que sus mismos usuarios colocaron como el mejor de entre todos los demás y así nos pagan? Adiós hey banco y hola NU y Finsus:)",negative
,11/21/2023,5:52:13,2023-11-21T05:52:13.000Z,7,"Amaba hey Banco, cancele todas mis cuentas para que ellos fueran mi banco principal, y salen con sus membresías. Muy decepcionante esperemos que cambien el rumbo antes de que sea inevitable.",negative
,11/17/2023,20:15:42,2023-11-17T20:15:42.000Z,0,Su sistema de membresías es la idea más estúpida que he escuchado. Antes eran chéveres pero cada vez van más y más en declive,negative
,11/17/2023,3:46:41,2023-11-17T03:46:41.000Z,6,2 años utilizando la app y 2 años intentando verificar mi cuenta sin darme una solución en fin ahora una membresía que no tiene ni pies ni cabeza... klar será una mejor opción ahora,negative
,11/16/2023,13:17:00,2023-11-16T13:17:00.000Z,7,"Ahora tienen la mayoría de los beneficios de antes detrás de una ""membresía""(anualidad a meses), mejor considera nu u otra alternativa",negative
,11/14/2023,18:18:37,2023-11-14T18:18:37.000Z,9,"Las membresías hundieron a hey banco, no logro entender como aceptaron esta estrategia. y lo peor es que son la burla de sus competidores :( una lastima",negative
,11/14/2023,19:54:48,2023-11-14T19:54:48.000Z,0,No están soportando y ya van más de dos semanas que no permiten comentarios. No me imagino la tensión que han de tener por la fuga masiva de capital de esta mamada de banco. Suerte con sus membresías pedorras,negative
,11/14/2023,21:11:53,2023-11-14T21:11:53.000Z,10,escupieron a los clientes en su cara,negative
,11/13/2023,9:46:29,2023-11-13T09:46:29.000Z,20,"¿Qué tan malo debe ser un banco para limitar los comentarios? En fin, adiós Hey ✌️",negative
,11/12/2023,21:50:49,2023-11-12T21:50:49.000Z,6,"Pésimo el haber creado las membresías, dejaron de ser ese banco distinto al resto, ya estoy buscando otras opciones que de verdad sean buenas.",negative
,11/11/2023,17:01:14,2023-11-11T17:01:14.000Z,8,NO recomiendo este banco debido a sus membresías.,negative
,11/11/2023,18:39:13,2023-11-11T18:39:13.000Z,7,Mañana les cancelo las cuentas que tengo con ustedes.,negative
,11/10/2023,0:00:39,2023-11-10T00:00:39.000Z,15,Lo recomendaba y hasta lo defendía pero ya no… gran decepción!,negative
,11/10/2023,1:28:11,2023-11-10T01:28:11.000Z,9,"Con su sistema de membresias ahora perdio todo atractivo, cancelo la tarjeta y no regreso",negative
,11/10/2023,5:37:40,2023-11-10T05:37:40.000Z,6,"Pensé que era broma el pago de membresía, que decepción en fin. Nos vemos de regreso con una tasa competitiva",negative
,11/9/2023,15:40:47,2023-11-09T15:40:47.000Z,7,"Era un buen banco, con atractivas características pero todo acabó. A retirar el capital a otra parte.",negative
,11/8/2023,19:09:06,2023-11-08T19:09:06.000Z,8,"NO, NO LO RECOMIENDO . Quitaron sus beneficios, ahora sacaron ""membresias"" y cobran lo que era gratis, mala atención al cliente, y ademas borran y no dejan comentar las publicaciones, eso habla de como es este banco, no confien en el.",negative
,11/8/2023,1:43:19,2023-11-08T01:43:19.000Z,8,"Desde que implementaron las nefastas membresías, dejó de ser atractivo para tener fondos de inversiones o cualquier tipo de cuenta, hoy en día hay muchas opciones que ofrecen más sin pagos mensuales",negative
,11/8/2023,21:35:20,2023-11-08T21:35:20.000Z,7,Fue un buen banco pero se convirtió en lo que juró destruir. Poco a poco fueron quitando los beneficios y ahora ¡te los cobran! Absurdo.,negative
,11/8/2023,15:10:08,2023-11-08T15:10:08.000Z,9,"Sólo queremos un banco que funcione y de buenos beneficios, no un burdel de membresías, rifas y publicidad del Pal Norte",negative
,11/8/2023,0:57:46,2023-11-08T00:57:46.000Z,6,Quitar las perras membresias,negative
,11/8/2023,18:58:53,2023-11-08T18:58:53.000Z,10,"Ya no dejan poner comentarios, este banco esta muerto",negative
,11/8/2023,21:25:44,2023-11-08T21:25:44.000Z,6,"buuuuuuu, qué malas promociones la verdad. Banco para whitexicans",negative
,11/7/2023,3:02:13,2023-11-07T03:02:13.000Z,4,Pésima experiencia con su atención a clientes y con las nuevas políticas que implementaron dejó de ser atractivo para los usuarios.,negative
,11/7/2023,20:52:14,2023-11-07T20:52:14.000Z,3,"Su tarjeta de crédito Hey Negocios tiene un error de sistema en donde se hacen cobros por error, el problema es que no lo han podido resolver y en el Call center siempre dan información diferente",negative
,11/7/2023,15:39:38,2023-11-07T15:39:38.000Z,4,"horrible servicio, mandas una mendiga transferencia de 100 pesos y te la mandan a verificacion por dos horas",negative
,11/6/2023,5:39:17,2023-11-06T05:39:17.000Z,5,"perdió todo lo que lo hacía atractivo, ahora se convirtió en un banco difícil de manejar y sin ningún beneficio.
 
me encantó fue un gusto pero ahora creo que me iré con Santander o BBVA",negative
,11/6/2023,17:07:39,2023-11-06T17:07:39.000Z,6,"Quitaron todos los beneficios que los hacían atractivos, e implementaron un sistema de cuotas para poder acceder a ellos",negative
,11/5/2023,1:51:00,2023-11-05T01:51:00.000Z,4,"Muy mal servicio al cliente, y ahora con las membresías adiós para siempre",negative
,11/5/2023,3:09:04,2023-11-05T03:09:04.000Z,2,Dejo de ser una buena opción. Perdió todo lo que la carateriza.,negative
,11/5/2023,14:37:15,2023-11-05T14:37:15.000Z,4,ya no vale la pena cero beneficios,negative
,11/4/2023,1:18:21,2023-11-04T01:18:21.000Z,3,Quien fue el genio que se la ocurrio lo de las membresias? PESIMO BANCO,negative
,11/3/2023,3:45:29,2023-11-03T03:45:29.000Z,6,"No recomendable, ya no conviene.",negative
,11/3/2023,2:48:07,2023-11-03T02:48:07.000Z,3,"No estoy de acuerdo con sus nuevas políticas de hacernos pagar algo que antes era gratuito. La tdc ya tiene anualidad con las membresías, quitaron el boleto dorado, el cashback en hey pro… ya no vale la pena",negative
,11/3/2023,19:41:42,2023-11-03T19:41:42.000Z,9,"Antes eran una buena opción, es una pena qué la(s) persona(s) que toman decisiones en éste banco lo estén llevando a  ser de los peores bancos por debajo hasta de los bancos tradicionales. No responden el correo de atención a clientes, hicieron pésimos cambios con su membresía (anualidad) para venderte lo qué antes te daban gratis y lo peor es que en sus redes sociales censuran la opinión de sus clientes. para los nuevos clientes les recomiendo otras opciones qué dan mejores beneficios y sin costo extra.",negative
,11/3/2023,21:18:06,2023-11-03T21:18:06.000Z,9,nomás me uno pa la funa xD,neutral
,11/3/2023,3:13:49,2023-11-03T03:13:49.000Z,13,spamean en su app cada que realizas algun movimientos para que los recomiendes. Asco de banco,negative
,11/2/2023,22:38:30,2023-11-02T22:38:30.000Z,10,"Que lamentable que una empresa tome ese tipo de acciones de censura a sus clientes, ya no recomiendo la aplicación y su servicio de membresía de lo peor",negative
,11/2/2023,14:55:18,2023-11-02T14:55:18.000Z,2,"Desde que pusieron las membresías se han venido bien abajo, de por sí ya lo estaban y se fueron a peor, malísima decisión",negative
,11/2/2023,21:03:51,2023-11-02T21:03:51.000Z,7,Qué bueno que saqué todo mi dinero de esta basura de banco  no tengo tanta queja con las membresías pero sí el detonante fue la censura en redes sociales y borrar los malos comentarios,negative
,11/2/2023,20:10:51,2023-11-02T20:10:51.000Z,11,"Censuran a sus clientes en redes sociales, cobran los ""beneficios"" que te dan y bloquean tarjetas arbitrariamente aunque la hayas pagado a tiempo. Les pasé varias cosas pero lo de las membresías fue el punto de no retorno.",negative
,11/2/2023,11:35:20,2023-11-02T11:35:20.000Z,6,"Veo que siguen para delante con su anualidad disfrazada de ""membresía"" sin importar lo que opinen sus clientes al respecto y evitando la libertad de expresión en sus redes sociales muy mal",negative
,11/2/2023,15:56:04,2023-11-02T15:56:04.000Z,2,Me cancelaron mi tarjeta de crédito,negative
,11/1/2023,22:09:15,2023-11-01T22:09:15.000Z,8,"La app nunca funciona. El servicio al cliente por teléfono es inútil, por correo es peor y por la app es una burla. Me arrepiento enormemente haber confiado en HeyBanco. Ojalá hubiera visto comentarios como este antes de haber sacado la cuenta.",negative
,11/1/2023,23:09:29,2023-11-01T23:09:29.000Z,9,"¿Membresías? ¿En serio? ¿No se suponía que era un banco ""diferente"" a los tradicionales? A ello agréguenle que su servicio al cliente es pésimo y nefasto. Yo creí que por tener una cantidad considerable me iban a tratar mejor, pero nunca fue así. 

Además se nota la poca importancia que le dan a la retroalimentación de sus clientes, bloqueando e ignorando los comentarios. 

Afortunadamente existen múltiples alternativas para gestionar tu dinero.",negative
,11/1/2023,21:41:28,2023-11-01T21:41:28.000Z,7,"Fue el mejor banco de México, pero contrataron a alguien con ideas ""innovadoras"" como membresías, cobrar ISR en las recompensas, tienda de merchandising, etc y se terminó autodestruyendo",negative
,11/1/2023,23:08:44,2023-11-01T23:08:44.000Z,7,"Su anualidad disfrazada de ""membresía"" es un despropósito y censurar la opinión de sus clientes es la PEOR forma de gestionar su crisis de marca. Bye, Banco",negative
,11/1/2023,6:08:22,2023-11-01T06:08:22.000Z,3,Ya no vale la pena los beneficios y sus membresías.,negative
,10/31/2023,22:50:49,2023-10-31T22:50:49.000Z,11,"HORRIBLE SERVICIO, lo único que hacen es eliminar comentarios con las quejas de sus clientes y su aplicación un asco y ni la vergüenza tienen de dar un comunicado o al menos atender",negative
,10/31/2023,15:00:59,2023-10-31T15:00:59.000Z,4,Empezaron genial pero ya no valen la pena,negative
,10/31/2023,3:39:10,2023-10-31T03:39:10.000Z,5,"Y la queso  
Pésimo servicio",negative
,10/31/2023,0:19:48,2023-10-31T00:19:48.000Z,3,Cobra anualidad disfrazada de membresías.,negative
,10/30/2023,21:05:35,2023-10-30T21:05:35.000Z,18,Primero lo de las membresías y luego bloquedo comentarios. Iba a mantener mi cuenta pero al ver que deshabilitaron comentarios de sus redes me dio mucha desconfianza y prefiero cerrar mi cuenta.,negative
0.0,10/30/2023,22:54:48,2023-10-30T22:54:48.000Z,5,"Basura de servicio, ni se metan a este banco, el servicio al cliente puros incompetentes peor que los del IMSS.",negative
,10/30/2023,0:04:38,2023-10-30T00:04:38.000Z,7,"Ahora para tener los beneficios hay que pagar una ""Membresía"" cuando en otros bancos es totalmente gratis...",negative
,10/30/2023,4:56:09,2023-10-30T04:56:09.000Z,6,porquería de banco les quedó grande el intentar crecer no lograron su cometido tanto que para ello necesitan vender membresías,negative
,10/30/2023,1:41:59,2023-10-30T01:41:59.000Z,5,"después de usarlo por años y ver cómo iba en decadencia alcanzo su punto más bajo. Lástima, no era bueno pero no era el peor",negative
,10/30/2023,20:48:03,2023-10-30T20:48:03.000Z,7,"Basura de app y de banco. Banco  total… censuran y borran comentarios que les dicen la verdad, agregan una membresias inutiles que no los hacen nada competitivos en em mercado y su app siempre fue una  a cada rato en mantenimiento y con muchísimos bugs.",negative
0.0,10/30/2023,19:22:58,2023-10-30T19:22:58.000Z,8,Censurando a las personas y borrando comentarios en sus redes sociales es todavía peor que vender membresías,negative
,10/29/2023,16:25:40,2023-10-29T16:25:40.000Z,5,"Quieren cobrar por todo con sus dichosas ""membresías"" pero no son capaces de mejorar su atencion a clientes tengo una semana con un problema y no quieren contestar por ningun medio, NO RECOMIENDO HEY BANCO",negative
0.0,10/29/2023,20:07:46,2023-10-29T20:07:46.000Z,4,"Su foco esta ahora en inversionistas qué compran acciones, no se aferren a un banco qué ya no quieren que sean sus clientes, ya se los demostró censurando opiniones y despreciandolas, usen otros como DINN o Uala qué estan en la Ipab y su dinero está seguro.",negative
,10/29/2023,7:32:15,2023-10-29T07:32:15.000Z,6,Decepción con sus membresías.,negative
,10/28/2023,19:35:14,2023-10-28T19:35:14.000Z,1,Una verdadera burla lo que le hacen a sus clientes. De ser una opción atractiva por ser una fintech mexicana se convirtió en una opción basura al meter la tonta idea de las membresías. A cancelar.,negative
,10/28/2023,0:00:10,2023-10-28T00:00:10.000Z,6,"todo lo que lo hacia ver como una buena opción, lo tiraron a la basura, voy a cerrar mi cuenta y no los vuelvo a recomendar.",negative
,10/28/2023,19:17:55,2023-10-28T19:17:55.000Z,6,"Pagar una membresia para una tasa de redimiendo que CETES dan gratis ? No gracias
No estoy contratando un streaming service…",negative
,10/28/2023,0:57:14,2023-10-28T00:57:14.000Z,7,deshabilitan comentarios de sus usuarios,negative
,10/28/2023,5:45:28,2023-10-28T05:45:28.000Z,0,Siempre los recomendaba a mis familiares.   Que làstima.,negative
,10/28/2023,17:48:07,2023-10-28T17:48:07.000Z,3,"Banco que ha muerto, no cash back no rendimientos y próximamente no bancario",negative
,10/28/2023,12:06:20,2023-10-28T12:06:20.000Z,2,Anualidad disfrazada de membresias y reducción de beneficios.,negative
,10/28/2023,14:09:41,2023-10-28T14:09:41.000Z,1,mal bancoooooooooooooo!!!,negative
,10/27/2023,3:01:08,2023-10-27T03:01:08.000Z,9,"Habías muchas más maneras de seguir dando beneficios pero decidieron cobrar por dar beneficios que antes eran gratis y además ya no conviene porque no recuperas el precio de la membresía, hay muchas más opciones que si convienen",negative
,10/27/2023,19:02:23,2023-10-27T19:02:23.000Z,10,"Todo falla, sin beneficios competitivos, no confiable",negative
0.0,10/27/2023,1:28:49,2023-10-27T01:28:49.000Z,11,"Era buena Fintech hasta que pusieron sus ""membresías"". Ya no lo recomiendo",negative
1.0,10/27/2023,14:23:04,2023-10-27T14:23:04.000Z,10,"Se volvieron malos. La atención al cliente es nula, no pésima, nula. Malas decisiones. Ahora cobran anualidades caras por dar los beneficios que ya contaban. Toca pagar y cerrar.",negative
,10/27/2023,23:47:00,2023-10-27T23:47:00.000Z,9,Quien en su sano juicio va a pagar por una membresía mensual para darte beneficios que ya tenías y que ahora te los quitan todos. Ahí se van a quedar mis rendimientos mejor no me ofrezcas nada. No le veo lo positivo por ningún lado,negative
,10/27/2023,15:15:28,2023-10-27T15:15:28.000Z,10,"Malisimo banco, iban muy bien y ahora con sus nuevas estrategias van a perder muchos clientes",negative
,10/27/2023,1:35:23,2023-10-27T01:35:23.000Z,7,acaba de referir gente y ahora todo es membresías y ni siquiera ha arreglado el problema con reposición de tarjetas,negative
,10/27/2023,5:33:02,2023-10-27T05:33:02.000Z,9,decepcionado de las modificaciones que hicieron a la tarjeta.,negative
0.0,10/27/2023,6:36:16,2023-10-27T06:36:16.000Z,8,"no reporta a Buró de crédito, la atención a clientes es pésimo",negative
1.0,10/27/2023,6:17:17,2023-10-27T06:17:17.000Z,13,"¿Dónde está nuestro cashback de octubre? Antes de sus cambios horribles de estrategia hicimos compras las cuales generaron cashback que no fue acreditado a nuestras cuentas, eso es un robo",negative
,10/27/2023,21:37:48,2023-10-27T21:37:48.000Z,10,"Adiós Hey, fue bueno mientras duró. Ahora con sus ""membresías"", ya no sale ni siendo Hey Pro. Hay tantos que ofrecen los mismos o mejores rendimientos sin cobrar 1 peso. Fail.",negative
,10/27/2023,14:23:07,2023-10-27T14:23:07.000Z,8,mi calificación será mala hasta que vuelvan a mejorar,negative
0.0,10/27/2023,22:24:51,2023-10-27T22:24:51.000Z,16,"hey banco murió en Reach
Era atractivo para ser la primera tarjeta de crédito de quién recién empezaba, ahora ya no vale la pena
y cerrar comentarios en FB y en IG solo da mucho más de que hablar",negative
0.0,10/27/2023,15:03:32,2023-10-27T15:03:32.000Z,9,"Todas las cosas que la hacía buena, se fue con los cambios que hicieron.",negative
,10/27/2023,16:47:28,2023-10-27T16:47:28.000Z,11,"Anualidad disfrazada de membresía, hay mejores opciones",negative
0.0,10/27/2023,2:03:40,2023-10-27T02:03:40.000Z,12,"Que lastima, eran una buena opcion, ahora con los cambios que hicieron, mejor volteare a ver otros bancos... Bye tarjetita de credito Hey!!",negative
,10/27/2023,15:10:27,2023-10-27T15:10:27.000Z,9,"Los beneficios qué daban, aunque no los mejores en sus tasas, hacia qué valiera la pena conservar la cuenta, pero ahora te preguntas, porque elegir Hey banco y no cetes? Pues a mover el dinero a otro lado, ya qué",negative
1.0,10/27/2023,1:54:10,2023-10-27T01:54:10.000Z,11,"Es un banco qué ahora por recibir beneficios que antes eran ""gratuitos"" ahora tienes que pagar por ellos y con peores condiciones, es una anualidad disfrazada de membresía, además de tener una seguridad baja en sus cuentas de débito y crédito. Un neo banco qué en vez de mejorar va empeorando cada vez más.",negative
,10/27/2023,19:56:47,2023-10-27T19:56:47.000Z,12,"Era buen banco, ni paper. A buscar otras opciones. Uala, Klar y hasta la RappiCard tienen mejores beneficios",negative
0.0,10/27/2023,1:59:42,2023-10-27T01:59:42.000Z,14,"decepcionado por sus cambios ya no tiene nada de interesante, me retiro adiós tarjeta Hey, hola tarjeta Ualá..",negative
,10/27/2023,18:08:36,2023-10-27T18:08:36.000Z,9,Adios. Lastima... toda hiba muy bien.,negative
,10/27/2023,15:05:25,2023-10-27T15:05:25.000Z,11,Deberían despedir al becario que se le ocurrió lo de las membresías,negative
1.0,10/27/2023,1:26:14,2023-10-27T01:26:14.000Z,9,"quitaron los beneficios para los clientes que verdaderamente estábamos ahí utilizando la tarjeta, ya no hay cashback, la inversión bajo sino pagamos una anualidad disfrazada de membresía:( #medueleshey",negative
,10/27/2023,7:19:09,2023-10-27T07:19:09.000Z,12,CENSURANDO comentarios tanto en FB como en IG? Lo bueno es que “escuchan” al cliente… de igual forma les dejo su reseñita,negative
1.0,10/27/2023,3:59:00,2023-10-27T03:59:00.000Z,8,"Cancelaron muchos beneficios interesantes, dejaron los más meh y ahora te los quieren cobrar. Desde las heycoins se venía venir. Triste.",negative
0.0,10/27/2023,15:54:26,2023-10-27T15:54:26.000Z,15,"Agradecido con Hey Banco 
Sin sus cambios jamás hubiera conocido a Dinn de Actinver",positive
,10/27/2023,19:50:46,2023-10-27T19:50:46.000Z,8,xd se mama ron jajajsja.,neutral
1.0,10/27/2023,2:27:13,2023-10-27T02:27:13.000Z,12,Métanse sus membresías por donde les quepa,negative
,10/27/2023,4:23:10,2023-10-27T04:23:10.000Z,10,Cobran por invertir además de retirar muchos beneficios.,negative
0.0,10/26/2023,23:17:30,2023-10-26T23:17:30.000Z,16,"No arriesgues tu dinero, nula atención al cliente. Fallas recurrentes e incertidumbre en las operaciones.",negative
0.0,10/26/2023,23:06:21,2023-10-26T23:06:21.000Z,28,"Eran una buena opción para invertir, los recomendaba cada que podia, me gustaban mucho sus productos, después empezaron a tomar Pésimas decisiones, no pudieron aceptar las criticas, hasta me bloquearon de su cuenta de Twitter. 

Ya liquide mi pagaré y me voy a otro banco! 
Próximamente cancelo la tarjeta de Crédito!",negative
,10/26/2023,16:38:31,2023-10-26T16:38:31.000Z,16,"se han convertido en un referente de una pésima institución, que no escucha a sus clientes y ahora han bloqueado todos los comentarios en sus redes sociales, no aceptan que fue un gran error su idea de cobrar unas membresías y quitar beneficios, creyeron que iban a ganar mucho con su estrategia de membresía y están perdiendo clientes,en verdad salgan de este banco que no tiene interés en escuchar a sus clientes y prefieren bloquear y borrar  los comentarios en sus plataformas demostrando su cobardía y poca inteligencia para resolver problemas.",negative
0.0,10/26/2023,20:13:28,2023-10-26T20:13:28.000Z,10,"Era muy buen banco, hasta tenía cuenta empresarial aquí, pero por sus cangrejadas de querer cobrar una comisión disfrazada de membresía me largo a BBVA.",negative
,10/26/2023,14:00:27,2023-10-26T14:00:27.000Z,11,"Atención al cliente deficiente, una aplicación lenta, reportan mal la información en buro y ahora sus membresías le han quitado el atractivo que tenían.",negative
,10/26/2023,23:21:27,2023-10-26T23:21:27.000Z,11,Perdió todos los beneficios que lo hacían una opción atractiva frente a los bancos tradicionales. Hay muchas y mejores opciones que no te cobran membresías.,negative
0.0,10/26/2023,17:20:52,2023-10-26T17:20:52.000Z,9,"en un principio era un excelente prospecto de banco digital. Con los recientes cambios a ""membresía"" para tener mayor tasa de interés, más los constantes casos de fraude ha caído como banco. Muchas malas decisiones han tomado al parecer por parte de arriba, ojalá y escuché a sus clientes que al parecer se les van",negative
1.0,10/26/2023,19:06:55,2023-10-26T19:06:55.000Z,8,"Lamentable la decisión que acaban de tomar, de ser un banco top cayó al peor de todos en cuanto a beneficios, incluso, las recompensas generadas el mes pasado ya tampoco me las otorgaron, no se si ya es día de los inocentes o porque tanta broma de su parte . Definitivamente hora de cambiar nómina y banco en general.",negative
0.0,10/26/2023,16:42:59,2023-10-26T16:42:59.000Z,12,"Se han vuelto el banco más mediocre con sus membresías, es hora de cancelar todos mis productos contratados con ustedes",negative
1.0,10/26/2023,23:19:09,2023-10-26T23:19:09.000Z,14,"pesimo, borran comentarios no dejan dar nuestras opiniones, cobran por algo que antes era gratis, no recomiendo ya para nada esté banco, Banregio sigue igual con su 2% en virtual y ustedes...",negative
,10/26/2023,12:04:39,2023-10-26T12:04:39.000Z,7,Para nada recomendable no tiene nada que sirva al usuario solo para gastar,negative
0.0,10/26/2023,18:39:44,2023-10-26T18:39:44.000Z,14,¿membresía? lo arruinaron todo y aparte cobardes al no permitir comentarios en las redes sociales. fue bueno mientras duró.  pero en el mercado hay mejores opciones. hey banco a muerto.,negative
0.0,10/26/2023,21:07:20,2023-10-26T21:07:20.000Z,7,"Antes era un banco que tenía beneficios interesantes sin anualidad ( cashback, rendimientos competitivos). Se olvidaron del pequeño ahorrador, sus nuevas políticas están enfocadas en los grandes ahorradores. Si tú eres un gran ahorrador, puede que te convenga, aunque en realidad existen aún mejores opciones en la banca múltiple. Recapaciten, Hey!",negative
,10/26/2023,17:35:47,2023-10-26T17:35:47.000Z,11,Una burla lo de las membresías. Ya los veo en TikTok junto con las empresas más hambrientas. Que gusto será cerrar la cuenta que tengo con ustedes.,negative
,10/26/2023,0:21:53,2023-10-26T00:21:53.000Z,7,Iba a poner una recomendación pero no pague suscripción perdón,neutral
0.0,10/26/2023,23:49:29,2023-10-26T23:49:29.000Z,13,"Parece que les ganó su ambición al dinero, ya de todo las marcas se suben a la modita que cobrar suscripciones, el chiste es sacarle lo más que se pueda a la gente, lo peor y más patético es que terminan arruinando por completo la imagen de una marca, dejen de contratar a chavitos medios pelos para su marketing y nuevas ideas, no planearon bien, no razonaron un poco la posible reacción de la gente, no hicieron encuestas, no hicieron focusgroup, no hicieron research, nada absolutamente nada, es patética su reacción de bloquear gente o comentarios y esconderse, no tienen a nadie que sepa manejar lo que está sucediendo, la marca se está hundiendo con ésto, me da gusto ver qué la gente esté reaccionando así porque ya estamos hartos de que las marcas tomen decisiones absurdas y les valga madre lo que piensen los clientes así como ha hecho siempre Netflix, ni por que vieron lo más reciente con Samsung se detuvieron un poco a pensar en si su marca saldría afectada, ojalá estén metidos en sus oficinitas ""innovadoras"" mordiéndose las uñas viendo cómo salen de esta crisis de marca, a ver con que salen o se aferran a su tontería o realmente escuchan al cliente.",negative
,10/26/2023,5:24:26,2023-10-26T05:24:26.000Z,8,"Cambian de términos y condiciones para dar peor servicio y nulos beneficios. Cobran membresías para dar beneficios que otras tarjetas dan, cambios literalmente aplicados de la noche a la mañana en vez de avisar previamente o implementar un cambio gradual.",negative
,10/26/2023,5:25:32,2023-10-26T05:25:32.000Z,8,"Mala atención a clientes,
para darte resolución tardan demaciado y ahora cobraran una ""membresía""",negative
,10/26/2023,23:14:51,2023-10-26T23:14:51.000Z,12,"El cambio tan repentino que tuvo al incluir las membresías con el alega de ser fan, y de la noche a la mañana quitar todas las cosas que lo hacían atractivo y condicionarlas con tal de obtener un pago,   seriamente estoy considerando cambiarme de banco",negative
0.0,10/26/2023,18:48:01,2023-10-26T18:48:01.000Z,12,"membresía, y censura de sus redes sociales, ya cayó muy bajo, todo por servir se acaba, lastima a cambiar de banco",negative
0.0,10/26/2023,22:17:23,2023-10-26T22:17:23.000Z,11,"Era un buen banco pero con sus nuevas políticas de anualidad disfrazada, además de que se robaron mi cashback del mes pasado porque el corte justamente entro ayer, y sus nuevas políticas lo eliminaron por lo que me robaron el cashback de septiembre octubre, además de que las tarjetas de regalo de la aplicación ni si quiera se pueden comprar, ya no lo recomiendo para nada",negative
,10/26/2023,1:32:13,2023-10-26T01:32:13.000Z,9,"Antes era bueno, ahora es peor que un banco común.",negative
0.0,10/26/2023,17:36:45,2023-10-26T17:36:45.000Z,18,Tenían todo para ser un banco líder y lo tiraron a la basura de un día para otro.,negative
0.0,10/26/2023,23:26:11,2023-10-26T23:26:11.000Z,9,"Pésima la forma de querer retener clientes. Con las membresías les digo adiós Hey Banco, hasta la vista baby!",negative
0.0,10/26/2023,13:22:59,2023-10-26T13:22:59.000Z,10,Con esto de las membresías se están viendo más usureros que los bancos tradicionales.,negative
,10/26/2023,15:48:46,2023-10-26T15:48:46.000Z,7,"Ya no es remendable, ¡¡¡con sus nuevas membresías Para ser pro!!, quien va a pagar para que te paguen , a demás bloquearon los comentarios de la publicación de las membresías, ¿A que le tiene miedo?, Hey banco se parece a mi, Toma malas decisiones financieras , ya saque mis fondos solo pago mi último mes en la TDC y adiós !!!",negative
,10/26/2023,3:58:06,2023-10-26T03:58:06.000Z,8,"patético ahora, la verdad",negative
,10/25/2023,19:54:22,2023-10-25T19:54:22.000Z,16,"Pésimo banco, No escucha a sus clientes",negative
,10/25/2023,19:33:35,2023-10-25T19:33:35.000Z,17,"estaba muy a gusto con su tarjeta de crédito por los beneficios que tenía tanto con el cashback como por el rendimiento, además después de 8 meses nunca me ofrecieron la tarjeta tradicional, pero ahora que quitaron todas esas ventajas ya no vale nada la pena, creo que la daré de baja y buscaré un banco mejor",negative
,10/25/2023,19:58:14,2023-10-25T19:58:14.000Z,11,No escuchan a sus clientes.,negative
,10/25/2023,19:06:48,2023-10-25T19:06:48.000Z,9,"Quitaron los beneficios por los que usaba su tarjeta, sin eso ya no le veo la diferencia con otros bancos",negative
,10/25/2023,20:23:52,2023-10-25T20:23:52.000Z,11,Quitaron beneficios para ahora cobrarlos a través de membresías se convirtió en el peor banco,negative
,10/16/2023,3:00:36,2023-10-16T03:00:36.000Z,0,"Nunca pude pagar con su tarjeta, llame a atencion a clientes para desbloquearla pero aun asi no se pudo",negative
,9/28/2023,0:25:06,2023-09-28T00:25:06.000Z,6,Pesima tarteja no la recomiendo,negative
,9/20/2023,5:23:05,2023-09-20T05:23:05.000Z,11,"Es uno de los mejores bancos, tengo nomina y credito y me dan 100% de atencion si tengo problemas uno de los bancos con excelente atencion a clientes y maneja infinidad de creditos para mejorar mis finanzas",positive
,9/16/2023,3:55:03,2023-09-16T03:55:03.000Z,3,"Es una institución en donde se dedican a transar a la gente.
Cero recomendable es ineficiente en atención sin protocolos, no saben qué hacer y su app falla a cada instante. 
No puedes retirar de ningún cajero, intenté retirar en un cajero red (HSBC) no me entrego el dinero me dio el cajero ticket de retiro no aprobado pero hey banco me quito los    9 mil pesos, reporte y 45 días para una respuesta.
Hice una trasferencia del dinero restante en la cuenta y 3 días para que llegara el dinero a bbva.
Las inversiones dan poco interés y además te retienen mucho impuesto.",negative
,9/16/2023,19:53:46,2023-09-16T19:53:46.000Z,4,"mas de 7 días fallando la app, no puedo hacer ninguna transacción",negative
2.0,8/21/2023,21:08:10,2023-08-21T21:08:10.000Z,9,NO LO RECOMIENDO! Es muy complicado su sistema de validación y sus procesos dentro de la app! No tienen buen servicio de atención al cliente!,negative
,8/16/2023,16:04:25,2023-08-16T16:04:25.000Z,6,"Si no se refleja un pago no se hacen responsables. La Condusef no te puede ayudar en estos casos. No es un banco serio. Hasta inventan cosas con tal de no perderle y mientras tu sin tu dinero por meses, y tiene muchos fans que defienden este pseudo banco, no te dejes guiar por eso ya que se especializan en estrategias de mercadotecnia más que en mejorar el servicio al cliente.",negative
,8/11/2023,4:15:01,2023-08-11T04:15:01.000Z,10,"No arriesgues tu dinero, nula atención al cliente. Fallas recurrentes e incertidumbre en las operaciones.",negative
,8/9/2023,2:54:52,2023-08-09T02:54:52.000Z,3,"Aperture mi contrato con Hey, en Marzo 2023 dese mi teléfono con varios procesos de autenticidad de identidad algo tardado pero desde la comodidad de mi casa,  atención al cliente en dos ocasiones consulte dos dudas y las respuestas en mi caso fueron resueltas en 2 días. 
El uso de la tarjeta garantizada dual estoy conforme y la condición de hacer 6 compras en el mes de $100 pesos  cada una, no tengo ningún inconveniente y tampoco se me hace en mi caso imposible en cumplir con esa condición para ser acreedor  a los beneficios de Hey Pro...

Para mí  es una buena App móvil de banco porqué no e tenido ningun inconveniente , así que lo recomiendo amplianmente",positive
,7/28/2023,20:25:26,2023-07-28T20:25:26.000Z,4,dejen de enviar correos y mensajes de texto cuando ya está pagada la tarjeta de crédito días antes de la fecha límite no sean intensos ... caen mal,negative
,7/25/2023,15:26:10,2023-07-25T15:26:10.000Z,4,"Un banco que se usa para estafar a la gente. En una semana, he recibido 2 mensajes de cuentas de Facebook hackeadas con la misma historia. Y ambos son de este banco. No digo que el banco este estafando pero si tiene cuentas de estafadores.",negative
,7/25/2023,5:39:35,2023-07-25T05:39:35.000Z,2,Es falsa esta página ojoooo chequen bien.,negative
,7/8/2023,15:51:20,2023-07-08T15:51:20.000Z,3,"Lamentablemente es un problema para los fines de semana, no te permite hacer transferencias por cantidades altas ($32k o más) debido a una limitación que tienen por BANXICO y en Edomex y CDMX no hay sucursales abiertas el sábado por lo que para una urgencia de retirar tu dinero es imposible.
lamentablemente es un buen concepto pero no la recomiendo mejor otras opciones",negative
,7/2/2023,4:55:56,2023-07-02T04:55:56.000Z,3,"Tengo un saldo retenido a pesar de ya no tener ninguna deuda. Debido al saldo retenido no puedo cancelar mi TDC, me parece una mala jugada ya que termina siendo un círculo vicioso. Para cancelarla no debo de tener saldo retenido. Tengo saldo retenido por lo que no puedo cancelarla.",negative
,7/1/2023,20:56:36,2023-07-01T20:56:36.000Z,3,"nunca he tenido ningún problema con el banco, lo recomiendo ampliamente, tengo la hey normal, la negocios, y la hry menores y todas funcionan al 100",positive
,6/20/2023,6:11:11,2023-06-20T06:11:11.000Z,2,"Me aparece que tengo un bloqueo temporal de mi usuario, no entiendo porqué de la nada me bloquean el usuario",negative
2.0,6/18/2023,17:38:30,2023-06-18T17:38:30.000Z,6,"Si desde un principio tienes fallas con la App, cancela la cuenta, nunca resuelven sus problemas técnicos.
Su atención a clientes es pésima.",negative
0.0,5/30/2023,1:53:21,2023-05-30T01:53:21.000Z,5,"Me tienen desde hace una semana con mi cuenta de debito BLOQUEADA sin razón alguna, no me dejan disponer de mi dinero y no me dan tiempo de respuesta, me encantaba su banco pero estas son jaladas",negative
,5/29/2023,23:25:04,2023-05-29T23:25:04.000Z,4,Me robaron 13mil pesos en una tarjeta de credito con garantia y bloqueo misterioso que no planean liberar,negative
,5/26/2023,15:13:50,2023-05-26T15:13:50.000Z,3,"Fallas constantes en la aplicación, te bloquean la tarjeta, te hacen cargo sin reflejarse en movimientos. El servicio es deficiente.",negative
,5/18/2023,21:45:21,2023-05-18T21:45:21.000Z,6,"Muy mala empresa , te vacían la cuenta y luego te la cancelan para que no puedas hacer nada, ellos mismos son los que te roban , mucho cuidado no entren a esta empresa de ratas",negative
,5/18/2023,23:36:37,2023-05-18T23:36:37.000Z,3,es un banco basura me robaron más de mil varos y según tengo que esperarme más de un mes para ver si me lo devuelven el dinero de los dos cargos,negative
,5/16/2023,7:56:26,2023-05-16T07:56:26.000Z,7,"pésimo servicio, no vale la pena",negative
,5/13/2023,0:42:19,2023-05-13T00:42:19.000Z,4,"La aplicación no funciona para nada, tiene mil fallas, con decir que hasta cuando quieres reportar la falla ocurre un error y no procede el reporte. Súper pésimo. Ya no me dio confianza para continuar con los servicios",negative
,5/13/2023,18:32:58,2023-05-13T18:32:58.000Z,1,"productos, una alternativa a la banca convencional que hay en el mercado financiero",neutral
0.0,5/3/2023,0:47:53,2023-05-03T00:47:53.000Z,3,"Realice un pago a una tarjeta de crédito mismo que no pasó, el saldo está retenido y ahora resulta que tengo que esperar 45 días para ver si la investigación determina que sea verdad, revisando mis cuentas caigo que más pagos realizados jamás pasaron y de esas montos comentan que ya no se puede hacer nada. Que decepción que aún respaldado por banregio esta institución sea un fraude porque es lo que hacen y de la manera que se manejan",negative
,4/30/2023,18:13:09,2023-04-30T18:13:09.000Z,3,"No sirve su app, no deja registrar cuentas para transferir y su teléfono solo contesta una grabadora que te da los buenos días y se corta la llamada",negative
,4/29/2023,7:31:53,2023-04-29T07:31:53.000Z,6,pésima atención a clientes,negative
,4/27/2023,19:27:48,2023-04-27T19:27:48.000Z,4,"Es un banco en el que PUEDES PERDER TODOS TUS AHORROS DE LA NOCHE A LA MAÑANA POR SU COMPLICIDAD Y NEGLIGENCIA. LUEGO SE ESCONDEN, NO RESPONDEN Y SE ESCUDAN CON QUE SON BANREGIO. POR SU BIEN NO CAIGAN EN ESTE PSEUDO BANCO!",negative
,4/25/2023,4:42:12,2023-04-25T04:42:12.000Z,2,"pésima la app, el servicio, si tienes urgencia de tu dinero las transferencias pueden pasar días y si tienes suerte caen, si no ya perdiste tu dinero, para transferir de hey lo mismo y te duelvuelve y devuelve el dinero, a veces ya jamás cae y te dicen que es improcedente y ya perdiste tu dinero.
si llamas a servicio al cliente solo te dicen que esperes o que el error es tuyo y listo, no hay más que hacer",negative
,4/24/2023,21:20:16,2023-04-24T21:20:16.000Z,3,"La App todo bien, pero si vas a tramitar un crédito Automoriz ten en cuenta que va s ser un proceso muy largo, no como si fuera normal en la agencia o directo en un banco tradicional. 
Desde que aprobaron mi crédito ya pasaron 13 días y todavía no puedo sacar el auto. 
Son lentísimos.",negative
0.0,4/19/2023,14:47:08,2023-04-19T14:47:08.000Z,2,"El día 21 de marzo me hicieron unos cargos a mi cuenta, mientras hablaba con el asesor llegó otro cargo y hoy por medio de CONDUSEF me avisan que no proceden mis cargos no reconocidos, cabe aclarar que nunca ingrese mis datos en algún sitio ni nada por el estilo",negative
0.0,4/18/2023,22:09:54,2023-04-18T22:09:54.000Z,5,"Me hicieron 4 cargos no reconocidos en mi tarjeta virtual de débito si el Banco sabe mi ubicación y yo solo puedo generar el token y yo no lo hice, pues es obvio que la única manera es que hay delincuentes adentro del Banco qué tienen acceso a la información",negative
,4/14/2023,14:30:35,2023-04-14T14:30:35.000Z,4,"Se encargaron de arruinar su servicio, tiene muy buenas cosas pero ya van 2 veces que su red de cajeros qué es pésima, algunos del call center neta Te tratan horrible y como si les valiera qué no puedas usar tu dinero",negative
,4/11/2023,15:00:16,2023-04-11T15:00:16.000Z,3,"Nunca me llegó mi tarjeta física, en tres meses  nunca me depositaron mis recompensas y además me cobraron intereses hasta ahora por 3 meses a pesar de haber pagado mi deuda para no generar intereses. Reporte todo esto va para 3 meses sin que me puedan solucionar.",negative
0.0,4/10/2023,18:02:40,2023-04-10T18:02:40.000Z,4,te bloquean aparte ya no te regresan tu dinero y no resuelven nada pense que era un banco serio,negative
,4/4/2023,4:03:36,2023-04-04T04:03:36.000Z,2,"El servicio, las promociones, la disponibilidad",neutral
,4/3/2023,17:22:31,2023-04-03T17:22:31.000Z,1,Me robaron la tarjeta y llevo tres días intentando cancelar y no me ayudan. Pésimo servicio,negative
0.0,4/1/2023,22:11:13,2023-04-01T22:11:13.000Z,4,"Pesimo servicio en Call Center, mas de 50 min en que me atienda un supervisor y contando....
Me dieron un ""número de aclaración"" que no existe, tengo $500 pesos detenidos desde el 24 de marzo.
Llame desde el miércoles 29 de marzo, solicitando la devolución del dinero, según levantaron un reporte y lo escalaron y si no ma4co hoy, no me dan una respuesta...
Llevo 56 min esperando en la línea y su supervisor esta ""ocupado"" y el gerente no esta......",negative
0.0,4/1/2023,14:41:31,2023-04-01T14:41:31.000Z,2,"No me a funcionado, sigo mande y mandé mi comprobante de domicilio y no lo reconoce",negative
0.0,3/29/2023,23:18:57,2023-03-29T23:18:57.000Z,3,"Tengo pendiente una aclaración por un monto $8,000.

El domingo 26 de marzo a las 7:35 se realizó una transferencia de una cuenta de banco azteca a mi cuenta de hey banco. Aparentemente el Spei llego sin problema, porque recibí la notificación. Pero al querer retirarlo de un cajero de Banbajio de la sucursal de Río de la Loza...después de intentar hacer la operación, me expulsó la tarjeta y solamente me indicó en pantalla que no se pudo completar la operación.

Después al revisar los movimientos de mi cuenta, me aparece que sí retiré el efectivo, y nunca fue así! Y desde entonces no sé nada los $8,000 ni que destino tuvieron.

En los movimientos de cuenta aparecen tanto la transferencia, como el retiro en cajero... como si se hubieran realizado adecuadamente, pero nunca pude disponer del dinero. 

Espero por ésta vía me puedan ayudar a resolver la situación.",negative
,3/26/2023,14:58:18,2023-03-26T14:58:18.000Z,2,"imposible reportar un cargo no reconocido, por teléfono te dice que a través de la aplicación y en la aplicación no aparece la opción...",negative
,3/24/2023,21:52:28,2023-03-24T21:52:28.000Z,1,"Ni siquiera me llegó mi tarjeta, no me deja reportar un problema e hice el registro completo de mi información para absolutamente nada. 0 Atención al cliente y pura robadera de información personal. MEJOR ABRAN ALBO",negative
0.0,3/21/2023,17:37:17,2023-03-21T17:37:17.000Z,4,"Mejoren su atención a clientes es pésimo por no decir horrible, estoy en grupos de Facebook sobre el banco y he visto varias publicaciones donde a la gente le hacen cargos no reconocidos de Telmex aún con la tarjeta apagada, y se hacen mensos diciendo que fue uno y de ahí no los sacas.
Les recomiendo que si tienen problemas así vayan directamente a la CONDUSEF en vez de este mal servicio al cliente de Hey Banco.",negative
,3/19/2023,21:12:40,2023-03-19T21:12:40.000Z,2,buen servicio de crédito,positive
,3/18/2023,21:33:34,2023-03-18T21:33:34.000Z,6,"Están haciendo pagos a líneas telefónicas telxmex hasta vaciar tus cuentas con tus datos de usuario y contraseña, mientras estás sin Internet o sin conexión. Alguien desde allí de hey Banco compartió nuestros datos al crimen cibernetico",negative
,3/12/2023,17:03:32,2023-03-12T17:03:32.000Z,0,"no me funciona la aplicación, al entrar a mi cuenta se cierra desde hace varios días esta fallando la aplicación",negative
,3/11/2023,17:09:52,2023-03-11T17:09:52.000Z,3,"práctico, rápido sin filas",positive
,3/10/2023,6:09:39,2023-03-10T06:09:39.000Z,1,"No me gustan las limitaciones que el banco tiene. No me dejaron subir documentos y pensaron que estaba haciendo robo de identidad, lo peor de todo es que no tengo opción para cerrar mi cuenta, y me retienen una inversión de 3,000 que se supone vence hoy pero nooooo, resulta que no.",negative
0.0,3/4/2023,23:42:50,2023-03-04T23:42:50.000Z,3,"Solo para mexicanos, ni siquiera extranjeros residentes permanentes en Mexico, incluso con cuentas de otros bancos establecidos en Mexico, pueden utilizar este servicio de forma óptima ya que no te permite validar ninguna información personal….me parece absolutamente discriminatorio… una decepción",negative
,3/3/2023,21:37:42,2023-03-03T21:37:42.000Z,2,Por que me cobraron comisión por sacar mi propio dinero del ahorro hey me cobraron 150 pesos y no se me hace justo,negative
,3/3/2023,12:24:27,2023-03-03T12:24:27.000Z,1,se los recomiendo para Movimientos eh inversion,neutral
,2/28/2023,9:14:01,2023-02-28T09:14:01.000Z,0,"Otra vez esta fallando la transferencia SPEI realice 2 transferencias desde hace 1 hr y media aproximadamente y aún no se reflejan a la persona enviada 
Qué mal servicio",negative
,2/27/2023,3:05:39,2023-02-27T03:05:39.000Z,1,"Me encanta su app y sus servicios, las tarjetas son personalizadas. 10 de 10",positive
,2/27/2023,18:12:54,2023-02-27T18:12:54.000Z,1,muchas fallas últimamente,negative
,2/23/2023,18:45:52,2023-02-23T18:45:52.000Z,2,Banco de mierda putos retrasados mentales que no son capaces ni de revisar una identidad. Permitieron suplantación de identidad puto banco basure de mierda lleno de gusanos tragamierda.,negative
,2/17/2023,9:00:37,2023-02-17T09:00:37.000Z,3,"Wow this unbelievable! I never thought I can make real money from Forex trading. I thought everyone on the platform were just scammers who have no human feelings . I got scammed a few times. Please be careful while investing I know there are real managers and I have met one. Mrs lilian wilson is a real and legit manager who will do anything just to make you get your profits after your trade duration . She has done that for me, now I don't have to worry about cashing out my profits . She will put a smile on my face once again, you can contact her via Email: lilianwilson220@gmail.com
WhatsApp: +1 (714) 698-9275",positive
,2/12/2023,18:09:56,2023-02-12T18:09:56.000Z,3,"¿Te gusta invertir?  La minería de bitcoin es legítima y real con 1000€ ganados 10000€ de beneficio con 3000€ ganados 30000€ de perfil podemos ayudarte a invertir.  Contáctenos aquí o por correo electrónico para más detalles.

 dimitriosandreou07@gmail.com",neutral
0.0,2/7/2023,21:04:44,2023-02-07T21:04:44.000Z,2,"TENGO CASI 2 MESES Y NO ME RESUELVEN LOS PROBLEMAS, NO LO RECOMIENDO PARA NADA",negative
,2/7/2023,17:38:13,2023-02-07T17:38:13.000Z,1,"Adquirí su terminal , anteriormente  ya tenia con banregio , pero empezamos a usar la
De hey por “pagos al mismo día “ y que aceptaba todos los bancos a MSI .
Pues ni deposita el mismo día y no ha llegado la venta después de 3 días , ya marque a su línea donde se levanto una aclaración , donde salen coque en 3-5 días se resolverá. Nunca había tenido una situación similar con terminales bancarias y mucho menos en su 3 día de uso , nada recomendable , banco chafa !",negative
1.0,2/2/2023,22:23:22,2023-02-02T22:23:22.000Z,4,"⚠️MUCHO CUIDADO CON HEY ACCIONES ⚠️Ni se enreden con este banco, además que el cashback ya lo modificaron totalmente y dan una miseria. Aplican cargos a la tarjeta de débito que no te explican, tengo desde mediados de mayo tratando de que me lo regresen sin respuesta. No puedo colocar pruebas aquí pero el que las quiera se las paso.",negative
,1/29/2023,12:37:02,2023-01-29T12:37:02.000Z,1,buen app poco difícil pero bueno,positive
,1/24/2023,1:00:30,2023-01-24T01:00:30.000Z,2,Sin ninguna duda una de las mejores tarjetas en débito y crédito❤️,positive
,1/24/2023,20:39:33,2023-01-24T20:39:33.000Z,4,"La aplicación falla a cada rato, cuando tienes problemas o no puedes hacer algo directamente en la aplicación es muy difícil que te resuelvan, se la pasan abriendo folios y no te resuelven ninguno, un folio para cancelar una cuenta tardó en cerrar 8 meses, el colmo es que hicieron mal el proceso y llevo un mes más tratando de hacer la cancelación completa, ya me abrieron otros 2 folios... mientras no tengas problemas o necesites soporte, todo bien, pero con las fallas de su app dudo que eso pase. No lo recomiendo",negative
,1/21/2023,1:09:53,2023-01-21T01:09:53.000Z,0,recomendable accesible y practica,positive
,1/19/2023,1:13:10,2023-01-19T01:13:10.000Z,1,"En septiembre me hicieron 2 transferencias y ningúna me llegó, marcaba y marcaba y siempre me decían lo mismo, está semana queda, y jamás llegó, por la paz lo deje y seguí continuando. hoy me quitaron un dinero que yo había depositado en octubre porque según Oxxo dió la orden, solicite una explicación y se puso soberbio el tipo y me dijo que así eran las cosas y que les mandara el ticket de depósito DESDE OCTUBRE. obviamente ya no lo tenía y justamente uno de sus nuevos trucos, te quitan dinero de depósitos que hiciste hace tiempo en virtud de que no puedas reclamar porque ya no tienes forma de demostrarlo. Mejor evitar depósitos en Oxxos y cerrar la cuenta.",negative
,1/19/2023,20:36:09,2023-01-19T20:36:09.000Z,0,"Me realizaron una transferencia erronea a la tarjeta de crédito el dia 6/01/23 (la cual no esta activa)
Y hasta el momento no me dan soluciones no me reintregan el dinero a la de débito siempre dan escusas que esta en revisión
No lo recomiendo es una peresa estar marcando y siempre lo mismo cuando ya se adjunto documentos de la transferencia guias y aun asi nada al parecer quieren quedarse con el dinero
Busquen otro banco mas serio",negative
,1/18/2023,4:00:46,2023-01-18T04:00:46.000Z,0,No me llega la tarjeta física y no me dan soporte para nada pésimo servicio,negative
,1/17/2023,2:48:22,2023-01-17T02:48:22.000Z,0,"Llevo un mes queriendo recoger mi tarjeta en módulo y siempre dicen que no hay. 
¿Entonces para que tienen módulos? 

Esto me pasó en tezontle! Hasta parece que sus ejecutivos son mañosos y no las quieren dar por no ser cuenta que ellos aperturan",negative
0.0,1/16/2023,1:28:12,2023-01-16T01:28:12.000Z,3,Pésima atención al cliente y te bloquean la tarjeta y jamás dan respuesta,negative
,1/14/2023,4:14:03,2023-01-14T04:14:03.000Z,0,Buena app y buenos intereses,positive
,1/13/2023,19:06:18,2023-01-13T19:06:18.000Z,0,todos los servicios financieros,neutral
,1/12/2023,2:52:41,2023-01-12T02:52:41.000Z,0,"Estoy arto de solicitar crédito garantizado y van 7 llamadas y ningún agente me resuelve el fallo, no tiene caso esta cuenta ya son muchos los problemas, quería otra alternativa a los otros bancos pero resultaron mucho mejores que hey",negative
,1/6/2023,21:56:48,2023-01-06T21:56:48.000Z,1,"DURANTE MESES NO HAN PODIDO RESOLVER
NO HAN VALIDADO MIS DOCUMENTOS
MANDA UNO FORMULARIO, TARDAN SEMANAS EN RESPONDER Y SOLO VUELVEN A PREGUNTAR CUAL ES EL PROBLEMA
VUELVE UNO A EXPLICAR, VUELVEN A TARDAR Y MANDAN CORREO DE QUE COMO UNO NO CONTESTO, DAN POR CERRADO EL CASO
DA LA APARIENCIA QUE USAN PUTOS BOTS CON RESPUESTAS AUTOMATIZADAS
TIENEN MUY POCAS PERSONAS ATENDIENDO
LO HACEN DE MALA GANA
NO LES INTERESAN LOS CLIENTES
NO RESUELVEN, NO RAZONAN
NO LEEN
O DE PLANO SON DEFICIENTES MENTALES",negative
,1/5/2023,6:55:22,2023-01-05T06:55:22.000Z,2,solo que fuera una institución seria perdón pero en mi caso queria realizar mi portabilidad ya que mi banco actual no nada seguro pero hey banco es in predecible,negative
1.0,1/4/2023,2:23:26,2023-01-04T02:23:26.000Z,1,"No acepta ni mi usuario, ni num de tarjeta, ni num de cliente para ingresar a la aplicación, afortunadamente no tenia dinero ahí, si no ya hubiera mmdo, este tipo de ""tarjetas"" solo hacen que uno quiera seguir usando la de los bancos tradicionales, lo mismo me paso con la spin de oxxo, hacen hasta lo imposible por robarte tu dinero.",negative
,1/4/2023,23:23:12,2023-01-04T23:23:12.000Z,0,"la plataforma, seguridad y atención.",neutral
,1/3/2023,13:00:31,2023-01-03T13:00:31.000Z,0,son muy accesibles y confiable,positive
,1/2/2023,4:53:23,2023-01-02T04:53:23.000Z,0,"la mejor tasa de inversión y crédito del mercado trámites 100% sencillos on line excelentes promociones, información útil y oportuna en general",positive
